{"cameraMode":{"drawMode":0,"name":"Shaded","section":"Shading Mode"},"sceneLighting":false,"audioPlay":false,"sceneViewState":{"showFog":true,"showMaterialUpdate":false,"showSkybox":false,"showFlares":true,"showImageEffects":true,"showParticleSystems":true},"in2DMode":false,"pivot":{"x":-9.680000305175782,"y":0.3199999928474426,"z":41.77000045776367},"rotation":{"x":-0.21393489837646485,"y":0.15523333847522736,"z":-0.03438934311270714,"w":-0.9638950228691101},"size":0.8589191436767578,"orthographic":false}